Name,Phone
Aarav,87011234501
Abigail,87011234502
Adam,87011234503
Adrian,87011234504
Aiden,87011234505
Alex,87011234506
Alexander,87011234507
Alice,87011234508
Amelia,87011234509
Andrew,87011234510
Anna,87011234511
Anthony,87011234512
Aria,87011234513
Arthur,87011234514
Asher,87011234515
Audrey,87011234516
Aurora,87011234517
Austin,87011234518
Ava,87011234519
Avery,87011234520
Benjamin,87011234521
Bella,87011234522
Brody,87011234523
Brooklyn,87011234524
Caleb,87011234525
Cameron,87011234526
Caroline,87011234527
Carter,87011234528
Charles,87011234529
Charlotte,87011234530
Chloe,87011234531
Christian,87011234532
Christopher,87011234533
Claire,87011234534
Colton,87011234535
Connor,87011234536
Cora,87011234537
Daniel,87011234538
David,87011234539
Dylan,87011234540
Eleanor,87011234541
Elena,87011234542
Eli,87011234543
Elias,87011234544
Elijah,87011234545
Elizabeth,87011234546
Ella,87011234547
Ellie,87011234548
Emilia,87011234549
Emily,87011234550
Emma,87011234551
Ethan,87011234552
Eva,87011234553
Evan,87011234554
Everly,87011234555
Ezra,87011234556
Gabriel,87011234557
Gabriella,87011234558
Genesis,87011234559
George,87011234560
Gianna,87011234561
Grace,87011234562
Greyson,87011234563
Hannah,87011234564
Harper,87011234565
Hazel,87011234566
Henry,87011234567
Hudson,87011234568
Hunter,87011234569
Ian,87011234570
Isaac,87011234571
Isabella,87011234572
Isabelle,87011234573
Isaiah,87011234574
Jace,87011234575
Jack,87011234576
Jackson,87011234577
Jacob,87011234578
James,87011234579
Jason,87011234580
Jayden,87011234581
Jeremiah,87011234582
John,87011234583
Jonathan,87011234584
Jordan,87011234585
Joseph,87011234586
Joshua,87011234587
Josiah,87011234588
Julian,87011234589
Kayden,87011234590
Landon,87011234591
Leo,87011234592
Levi,87011234593
Lincoln,87011234594
Logan,87011234595
Lucas,87011234596
Luke,87011234597
Mason,87011234598
Mateo,87011234599
Matthew,87011234600